{
  "hash": "98b4b523",
  "configHash": "8fedeac5",
  "lockfileHash": "0f16943f",
  "browserHash": "4d5523bd",
  "optimized": {
    "@angular/cdk/bidi": {
      "src": "../../../../../../node_modules/@angular/cdk/fesm2022/bidi.mjs",
      "file": "@angular_cdk_bidi.js",
      "fileHash": "b4a4d761",
      "needsInterop": false
    },
    "@angular/cdk/scrolling": {
      "src": "../../../../../../node_modules/@angular/cdk/fesm2022/scrolling.mjs",
      "file": "@angular_cdk_scrolling.js",
      "fileHash": "dd22acbe",
      "needsInterop": false
    },
    "@angular/cdk/text-field": {
      "src": "../../../../../../node_modules/@angular/cdk/fesm2022/text-field.mjs",
      "file": "@angular_cdk_text-field.js",
      "fileHash": "e56c7e5b",
      "needsInterop": false
    },
    "@angular/common": {
      "src": "../../../../../../node_modules/@angular/common/fesm2022/common.mjs",
      "file": "@angular_common.js",
      "fileHash": "9e76ca2b",
      "needsInterop": false
    },
    "@angular/common/http": {
      "src": "../../../../../../node_modules/@angular/common/fesm2022/http.mjs",
      "file": "@angular_common_http.js",
      "fileHash": "83a57382",
      "needsInterop": false
    },
    "@angular/core": {
      "src": "../../../../../../node_modules/@angular/core/fesm2022/core.mjs",
      "file": "@angular_core.js",
      "fileHash": "861a15d9",
      "needsInterop": false
    },
    "@angular/forms": {
      "src": "../../../../../../node_modules/@angular/forms/fesm2022/forms.mjs",
      "file": "@angular_forms.js",
      "fileHash": "809f81e8",
      "needsInterop": false
    },
    "@angular/material/button": {
      "src": "../../../../../../node_modules/@angular/material/fesm2022/button.mjs",
      "file": "@angular_material_button.js",
      "fileHash": "06325a1b",
      "needsInterop": false
    },
    "@angular/material/card": {
      "src": "../../../../../../node_modules/@angular/material/fesm2022/card.mjs",
      "file": "@angular_material_card.js",
      "fileHash": "293af2d3",
      "needsInterop": false
    },
    "@angular/material/form-field": {
      "src": "../../../../../../node_modules/@angular/material/fesm2022/form-field.mjs",
      "file": "@angular_material_form-field.js",
      "fileHash": "42f395d8",
      "needsInterop": false
    },
    "@angular/material/input": {
      "src": "../../../../../../node_modules/@angular/material/fesm2022/input.mjs",
      "file": "@angular_material_input.js",
      "fileHash": "8188b555",
      "needsInterop": false
    },
    "@angular/material/select": {
      "src": "../../../../../../node_modules/@angular/material/fesm2022/select.mjs",
      "file": "@angular_material_select.js",
      "fileHash": "77d9268a",
      "needsInterop": false
    },
    "@angular/material/table": {
      "src": "../../../../../../node_modules/@angular/material/fesm2022/table.mjs",
      "file": "@angular_material_table.js",
      "fileHash": "ce1c17c0",
      "needsInterop": false
    },
    "@angular/material/toolbar": {
      "src": "../../../../../../node_modules/@angular/material/fesm2022/toolbar.mjs",
      "file": "@angular_material_toolbar.js",
      "fileHash": "e1690020",
      "needsInterop": false
    },
    "@angular/platform-browser": {
      "src": "../../../../../../node_modules/@angular/platform-browser/fesm2022/platform-browser.mjs",
      "file": "@angular_platform-browser.js",
      "fileHash": "ee3a0ac9",
      "needsInterop": false
    },
    "@angular/platform-browser/animations": {
      "src": "../../../../../../node_modules/@angular/platform-browser/fesm2022/animations.mjs",
      "file": "@angular_platform-browser_animations.js",
      "fileHash": "04640296",
      "needsInterop": false
    },
    "@angular/router": {
      "src": "../../../../../../node_modules/@angular/router/fesm2022/router.mjs",
      "file": "@angular_router.js",
      "fileHash": "bef87478",
      "needsInterop": false
    },
    "rxjs": {
      "src": "../../../../../../node_modules/rxjs/dist/esm5/index.js",
      "file": "rxjs.js",
      "fileHash": "b19e29c3",
      "needsInterop": false
    },
    "@angular/material/datepicker": {
      "src": "../../../../../../node_modules/@angular/material/fesm2022/datepicker.mjs",
      "file": "@angular_material_datepicker.js",
      "fileHash": "1252c41c",
      "needsInterop": false
    },
    "@angular/material/core": {
      "src": "../../../../../../node_modules/@angular/material/fesm2022/core.mjs",
      "file": "@angular_material_core.js",
      "fileHash": "512cf97e",
      "needsInterop": false
    },
    "@angular/material/checkbox": {
      "src": "../../../../../../node_modules/@angular/material/fesm2022/checkbox.mjs",
      "file": "@angular_material_checkbox.js",
      "fileHash": "571cdbb2",
      "needsInterop": false
    }
  },
  "chunks": {
    "chunk-5T2KIMT4": {
      "file": "chunk-5T2KIMT4.js"
    },
    "chunk-6RLSZQCX": {
      "file": "chunk-6RLSZQCX.js"
    },
    "chunk-OHGHT3YH": {
      "file": "chunk-OHGHT3YH.js"
    },
    "chunk-JL7ZV4SM": {
      "file": "chunk-JL7ZV4SM.js"
    },
    "chunk-HSNCFTSV": {
      "file": "chunk-HSNCFTSV.js"
    },
    "chunk-HSHWRP76": {
      "file": "chunk-HSHWRP76.js"
    },
    "chunk-EIOETXHY": {
      "file": "chunk-EIOETXHY.js"
    },
    "chunk-7A6BLNY6": {
      "file": "chunk-7A6BLNY6.js"
    },
    "chunk-B32P2DNG": {
      "file": "chunk-B32P2DNG.js"
    },
    "chunk-UDU42JBG": {
      "file": "chunk-UDU42JBG.js"
    },
    "chunk-KWHLNI2E": {
      "file": "chunk-KWHLNI2E.js"
    },
    "chunk-KMW7Z5AC": {
      "file": "chunk-KMW7Z5AC.js"
    },
    "chunk-H7O2G7CA": {
      "file": "chunk-H7O2G7CA.js"
    },
    "chunk-QSHQ5252": {
      "file": "chunk-QSHQ5252.js"
    },
    "chunk-HKN463IF": {
      "file": "chunk-HKN463IF.js"
    },
    "chunk-XXVYLXO5": {
      "file": "chunk-XXVYLXO5.js"
    },
    "chunk-DQX2W2IQ": {
      "file": "chunk-DQX2W2IQ.js"
    },
    "chunk-6SRYPVWS": {
      "file": "chunk-6SRYPVWS.js"
    },
    "chunk-CLWH4YXM": {
      "file": "chunk-CLWH4YXM.js"
    },
    "chunk-X3P5GA7C": {
      "file": "chunk-X3P5GA7C.js"
    },
    "chunk-O34QVQDK": {
      "file": "chunk-O34QVQDK.js"
    },
    "chunk-M3HR6BUY": {
      "file": "chunk-M3HR6BUY.js"
    },
    "chunk-65RJ5ZZ2": {
      "file": "chunk-65RJ5ZZ2.js"
    },
    "chunk-PNN2A3NM": {
      "file": "chunk-PNN2A3NM.js"
    },
    "chunk-42SAVLIU": {
      "file": "chunk-42SAVLIU.js"
    },
    "chunk-DWB4KXJV": {
      "file": "chunk-DWB4KXJV.js"
    },
    "chunk-BPWAM3ZK": {
      "file": "chunk-BPWAM3ZK.js"
    },
    "chunk-VJE4L4UK": {
      "file": "chunk-VJE4L4UK.js"
    },
    "chunk-5SLB7SFU": {
      "file": "chunk-5SLB7SFU.js"
    },
    "chunk-S35MAB2V": {
      "file": "chunk-S35MAB2V.js"
    }
  }
}