{
	"info": {
		"_postman_id": "77a249a5-a910-4541-8b18-da93ccb9f615",
		"name": "API Parqueadero",
		"schema": "https://schema.getpostman.com/json/collection/v2.1.0/collection.json",
		"_exporter_id": "14199857"
	},
	"item": [
		{
			"name": "api",
			"item": [
				{
					"name": "Autenticacion",
					"item": [
						{
							"name": "adicionar",
							"item": [
								{
									"name": "/api/Autenticacion/adicionar",
									"request": {
										"method": "POST",
										"header": [
											{
												"key": "Content-Type",
												"value": "application/json"
											}
										],
										"body": {
											"mode": "raw",
											"raw": "{\n  \"usuarioID\": \"<integer>\",\n  \"nombre\": \"<string>\",\n  \"documentoIdentidad\": \"<string>\",\n  \"email\": \"<string>\",\n  \"clave\": \"<string>\",\n  \"fechaCreacion\": \"<dateTime>\"\n}",
											"options": {
												"raw": {
													"headerFamily": "json",
													"language": "json"
												}
											}
										},
										"url": {
											"raw": "{{baseUrl}}/api/Autenticacion/adicionar",
											"host": [
												"{{baseUrl}}"
											],
											"path": [
												"api",
												"Autenticacion",
												"adicionar"
											]
										}
									},
									"response": [
										{
											"name": "OK",
											"originalRequest": {
												"method": "POST",
												"header": [
													{
														"key": "Content-Type",
														"value": "application/json"
													},
													{
														"key": "Authorization",
														"value": "Bearer <token>",
														"description": "Added as a part of security scheme: bearer"
													}
												],
												"body": {
													"mode": "raw",
													"raw": "{\n  \"usuarioID\": \"<integer>\",\n  \"nombre\": \"<string>\",\n  \"documentoIdentidad\": \"<string>\",\n  \"email\": \"<string>\",\n  \"clave\": \"<string>\",\n  \"fechaCreacion\": \"<dateTime>\"\n}",
													"options": {
														"raw": {
															"headerFamily": "json",
															"language": "json"
														}
													}
												},
												"url": {
													"raw": "{{baseUrl}}/api/Autenticacion/adicionar",
													"host": [
														"{{baseUrl}}"
													],
													"path": [
														"api",
														"Autenticacion",
														"adicionar"
													]
												}
											},
											"status": "OK",
											"code": 200,
											"_postman_previewlanguage": "text",
											"header": [],
											"cookie": [],
											"body": ""
										}
									]
								}
							]
						},
						{
							"name": "login",
							"item": [
								{
									"name": "/api/Autenticacion/login",
									"request": {
										"method": "POST",
										"header": [
											{
												"key": "Content-Type",
												"value": "application/json"
											}
										],
										"body": {
											"mode": "raw",
											"raw": "{\n  \"email\": \"<string>\",\n  \"clave\": \"<string>\"\n}",
											"options": {
												"raw": {
													"headerFamily": "json",
													"language": "json"
												}
											}
										},
										"url": {
											"raw": "{{baseUrl}}/api/Autenticacion/login",
											"host": [
												"{{baseUrl}}"
											],
											"path": [
												"api",
												"Autenticacion",
												"login"
											]
										}
									},
									"response": [
										{
											"name": "OK",
											"originalRequest": {
												"method": "POST",
												"header": [
													{
														"key": "Content-Type",
														"value": "application/json"
													},
													{
														"key": "Authorization",
														"value": "Bearer <token>",
														"description": "Added as a part of security scheme: bearer"
													}
												],
												"body": {
													"mode": "raw",
													"raw": "{\n  \"email\": \"<string>\",\n  \"clave\": \"<string>\"\n}",
													"options": {
														"raw": {
															"headerFamily": "json",
															"language": "json"
														}
													}
												},
												"url": {
													"raw": "{{baseUrl}}/api/Autenticacion/login",
													"host": [
														"{{baseUrl}}"
													],
													"path": [
														"api",
														"Autenticacion",
														"login"
													]
												}
											},
											"status": "OK",
											"code": 200,
											"_postman_previewlanguage": "text",
											"header": [],
											"cookie": [],
											"body": ""
										}
									]
								}
							]
						}
					]
				},
				{
					"name": "Factura",
					"item": [
						{
							"name": "facturas",
							"item": [
								{
									"name": "/api/Factura/facturas",
									"request": {
										"method": "GET",
										"header": [],
										"url": {
											"raw": "{{baseUrl}}/api/Factura/facturas",
											"host": [
												"{{baseUrl}}"
											],
											"path": [
												"api",
												"Factura",
												"facturas"
											]
										}
									},
									"response": [
										{
											"name": "OK",
											"originalRequest": {
												"method": "GET",
												"header": [
													{
														"key": "Authorization",
														"value": "Bearer <token>",
														"description": "Added as a part of security scheme: bearer"
													}
												],
												"url": {
													"raw": "{{baseUrl}}/api/Factura/facturas",
													"host": [
														"{{baseUrl}}"
													],
													"path": [
														"api",
														"Factura",
														"facturas"
													]
												}
											},
											"status": "OK",
											"code": 200,
											"_postman_previewlanguage": "text",
											"header": [],
											"cookie": [],
											"body": ""
										}
									]
								}
							]
						},
						{
							"name": "factura",
							"item": [
								{
									"name": "{id}",
									"item": [
										{
											"name": "/api/Factura/factura/:id",
											"request": {
												"method": "GET",
												"header": [],
												"url": {
													"raw": "{{baseUrl}}/api/Factura/factura/:id",
													"host": [
														"{{baseUrl}}"
													],
													"path": [
														"api",
														"Factura",
														"factura",
														":id"
													],
													"variable": [
														{
															"key": "id",
															"value": "<integer>",
															"description": "(Required) "
														}
													]
												}
											},
											"response": [
												{
													"name": "OK",
													"originalRequest": {
														"method": "GET",
														"header": [
															{
																"key": "Authorization",
																"value": "Bearer <token>",
																"description": "Added as a part of security scheme: bearer"
															}
														],
														"url": {
															"raw": "{{baseUrl}}/api/Factura/factura/:id",
															"host": [
																"{{baseUrl}}"
															],
															"path": [
																"api",
																"Factura",
																"factura",
																":id"
															],
															"variable": [
																{
																	"key": "id"
																}
															]
														}
													},
													"status": "OK",
													"code": 200,
													"_postman_previewlanguage": "text",
													"header": [],
													"cookie": [],
													"body": ""
												}
											]
										}
									]
								},
								{
									"name": "/api/Factura/factura",
									"request": {
										"method": "POST",
										"header": [
											{
												"key": "Content-Type",
												"value": "application/json"
											}
										],
										"body": {
											"mode": "raw",
											"raw": "{\n  \"facturaID\": \"<integer>\",\n  \"ingresoID\": \"<integer>\",\n  \"numeroFactura\": \"<string>\"\n}",
											"options": {
												"raw": {
													"headerFamily": "json",
													"language": "json"
												}
											}
										},
										"url": {
											"raw": "{{baseUrl}}/api/Factura/factura",
											"host": [
												"{{baseUrl}}"
											],
											"path": [
												"api",
												"Factura",
												"factura"
											]
										}
									},
									"response": [
										{
											"name": "OK",
											"originalRequest": {
												"method": "POST",
												"header": [
													{
														"key": "Content-Type",
														"value": "application/json"
													},
													{
														"key": "Authorization",
														"value": "Bearer <token>",
														"description": "Added as a part of security scheme: bearer"
													}
												],
												"body": {
													"mode": "raw",
													"raw": "{\n  \"facturaID\": \"<integer>\",\n  \"ingresoID\": \"<integer>\",\n  \"numeroFactura\": \"<string>\"\n}",
													"options": {
														"raw": {
															"headerFamily": "json",
															"language": "json"
														}
													}
												},
												"url": {
													"raw": "{{baseUrl}}/api/Factura/factura",
													"host": [
														"{{baseUrl}}"
													],
													"path": [
														"api",
														"Factura",
														"factura"
													]
												}
											},
											"status": "OK",
											"code": 200,
											"_postman_previewlanguage": "text",
											"header": [],
											"cookie": [],
											"body": ""
										}
									]
								}
							]
						}
					]
				},
				{
					"name": "Parqueadero",
					"item": [
						{
							"name": "ingresos",
							"item": [
								{
									"name": "/api/Parqueadero/ingresos",
									"request": {
										"method": "GET",
										"header": [],
										"url": {
											"raw": "{{baseUrl}}/api/Parqueadero/ingresos",
											"host": [
												"{{baseUrl}}"
											],
											"path": [
												"api",
												"Parqueadero",
												"ingresos"
											]
										}
									},
									"response": [
										{
											"name": "OK",
											"originalRequest": {
												"method": "GET",
												"header": [
													{
														"key": "Authorization",
														"value": "Bearer <token>",
														"description": "Added as a part of security scheme: bearer"
													}
												],
												"url": {
													"raw": "{{baseUrl}}/api/Parqueadero/ingresos",
													"host": [
														"{{baseUrl}}"
													],
													"path": [
														"api",
														"Parqueadero",
														"ingresos"
													]
												}
											},
											"status": "OK",
											"code": 200,
											"_postman_previewlanguage": "text",
											"header": [],
											"cookie": [],
											"body": ""
										}
									]
								}
							]
						},
						{
							"name": "ingreso",
							"item": [
								{
									"name": "{id}",
									"item": [
										{
											"name": "/api/Parqueadero/ingreso/:id",
											"request": {
												"method": "GET",
												"header": [],
												"url": {
													"raw": "{{baseUrl}}/api/Parqueadero/ingreso/:id",
													"host": [
														"{{baseUrl}}"
													],
													"path": [
														"api",
														"Parqueadero",
														"ingreso",
														":id"
													],
													"variable": [
														{
															"key": "id",
															"value": "<integer>",
															"description": "(Required) "
														}
													]
												}
											},
											"response": [
												{
													"name": "OK",
													"originalRequest": {
														"method": "GET",
														"header": [
															{
																"key": "Authorization",
																"value": "Bearer <token>",
																"description": "Added as a part of security scheme: bearer"
															}
														],
														"url": {
															"raw": "{{baseUrl}}/api/Parqueadero/ingreso/:id",
															"host": [
																"{{baseUrl}}"
															],
															"path": [
																"api",
																"Parqueadero",
																"ingreso",
																":id"
															],
															"variable": [
																{
																	"key": "id"
																}
															]
														}
													},
													"status": "OK",
													"code": 200,
													"_postman_previewlanguage": "text",
													"header": [],
													"cookie": [],
													"body": ""
												}
											]
										},
										{
											"name": "/api/Parqueadero/ingreso/:id",
											"request": {
												"method": "PUT",
												"header": [
													{
														"key": "Content-Type",
														"value": "application/json"
													}
												],
												"body": {
													"mode": "raw",
													"raw": "{\n  \"ingresoID\": \"<integer>\",\n  \"vehiculoID\": \"<integer>\",\n  \"horaIngreso\": \"<dateTime>\",\n  \"horaSalida\": \"<dateTime>\",\n  \"valorPagado\": \"<double>\",\n  \"descuentoAplicado\": \"<boolean>\",\n  \"tipoVehiculo\": \"<string>\",\n  \"placa\": \"<string>\",\n  \"documentoIdentidad\": \"<string>\"\n}",
													"options": {
														"raw": {
															"headerFamily": "json",
															"language": "json"
														}
													}
												},
												"url": {
													"raw": "{{baseUrl}}/api/Parqueadero/ingreso/:id",
													"host": [
														"{{baseUrl}}"
													],
													"path": [
														"api",
														"Parqueadero",
														"ingreso",
														":id"
													],
													"variable": [
														{
															"key": "id",
															"value": "<integer>",
															"description": "(Required) "
														}
													]
												}
											},
											"response": [
												{
													"name": "OK",
													"originalRequest": {
														"method": "PUT",
														"header": [
															{
																"key": "Content-Type",
																"value": "application/json"
															},
															{
																"key": "Authorization",
																"value": "Bearer <token>",
																"description": "Added as a part of security scheme: bearer"
															}
														],
														"body": {
															"mode": "raw",
															"raw": "{\n  \"ingresoID\": \"<integer>\",\n  \"vehiculoID\": \"<integer>\",\n  \"horaIngreso\": \"<dateTime>\",\n  \"horaSalida\": \"<dateTime>\",\n  \"valorPagado\": \"<double>\",\n  \"descuentoAplicado\": \"<boolean>\",\n  \"tipoVehiculo\": \"<string>\",\n  \"placa\": \"<string>\",\n  \"documentoIdentidad\": \"<string>\"\n}",
															"options": {
																"raw": {
																	"headerFamily": "json",
																	"language": "json"
																}
															}
														},
														"url": {
															"raw": "{{baseUrl}}/api/Parqueadero/ingreso/:id",
															"host": [
																"{{baseUrl}}"
															],
															"path": [
																"api",
																"Parqueadero",
																"ingreso",
																":id"
															],
															"variable": [
																{
																	"key": "id"
																}
															]
														}
													},
													"status": "OK",
													"code": 200,
													"_postman_previewlanguage": "text",
													"header": [],
													"cookie": [],
													"body": ""
												}
											]
										},
										{
											"name": "/api/Parqueadero/ingreso/:id",
											"request": {
												"method": "DELETE",
												"header": [],
												"url": {
													"raw": "{{baseUrl}}/api/Parqueadero/ingreso/:id",
													"host": [
														"{{baseUrl}}"
													],
													"path": [
														"api",
														"Parqueadero",
														"ingreso",
														":id"
													],
													"variable": [
														{
															"key": "id",
															"value": "<integer>",
															"description": "(Required) "
														}
													]
												}
											},
											"response": [
												{
													"name": "OK",
													"originalRequest": {
														"method": "DELETE",
														"header": [
															{
																"key": "Authorization",
																"value": "Bearer <token>",
																"description": "Added as a part of security scheme: bearer"
															}
														],
														"url": {
															"raw": "{{baseUrl}}/api/Parqueadero/ingreso/:id",
															"host": [
																"{{baseUrl}}"
															],
															"path": [
																"api",
																"Parqueadero",
																"ingreso",
																":id"
															],
															"variable": [
																{
																	"key": "id"
																}
															]
														}
													},
													"status": "OK",
													"code": 200,
													"_postman_previewlanguage": "text",
													"header": [],
													"cookie": [],
													"body": ""
												}
											]
										}
									]
								},
								{
									"name": "/api/Parqueadero/ingreso",
									"request": {
										"method": "POST",
										"header": [
											{
												"key": "Content-Type",
												"value": "application/json"
											}
										],
										"body": {
											"mode": "raw",
											"raw": "{\n  \"ingresoID\": \"<integer>\",\n  \"vehiculoID\": \"<integer>\",\n  \"horaIngreso\": \"<dateTime>\",\n  \"horaSalida\": \"<dateTime>\",\n  \"valorPagado\": \"<double>\",\n  \"descuentoAplicado\": \"<boolean>\",\n  \"tipoVehiculo\": \"<string>\",\n  \"placa\": \"<string>\",\n  \"documentoIdentidad\": \"<string>\"\n}",
											"options": {
												"raw": {
													"headerFamily": "json",
													"language": "json"
												}
											}
										},
										"url": {
											"raw": "{{baseUrl}}/api/Parqueadero/ingreso",
											"host": [
												"{{baseUrl}}"
											],
											"path": [
												"api",
												"Parqueadero",
												"ingreso"
											]
										}
									},
									"response": [
										{
											"name": "OK",
											"originalRequest": {
												"method": "POST",
												"header": [
													{
														"key": "Content-Type",
														"value": "application/json"
													},
													{
														"key": "Authorization",
														"value": "Bearer <token>",
														"description": "Added as a part of security scheme: bearer"
													}
												],
												"body": {
													"mode": "raw",
													"raw": "{\n  \"ingresoID\": \"<integer>\",\n  \"vehiculoID\": \"<integer>\",\n  \"horaIngreso\": \"<dateTime>\",\n  \"horaSalida\": \"<dateTime>\",\n  \"valorPagado\": \"<double>\",\n  \"descuentoAplicado\": \"<boolean>\",\n  \"tipoVehiculo\": \"<string>\",\n  \"placa\": \"<string>\",\n  \"documentoIdentidad\": \"<string>\"\n}",
													"options": {
														"raw": {
															"headerFamily": "json",
															"language": "json"
														}
													}
												},
												"url": {
													"raw": "{{baseUrl}}/api/Parqueadero/ingreso",
													"host": [
														"{{baseUrl}}"
													],
													"path": [
														"api",
														"Parqueadero",
														"ingreso"
													]
												}
											},
											"status": "OK",
											"code": 200,
											"_postman_previewlanguage": "text",
											"header": [],
											"cookie": [],
											"body": ""
										}
									]
								}
							]
						}
					]
				},
				{
					"name": "Tarifa",
					"item": [
						{
							"name": "tarifas",
							"item": [
								{
									"name": "/api/Tarifa/tarifas",
									"request": {
										"method": "GET",
										"header": [
											{
												"key": "Accept",
												"value": "text/plain"
											}
										],
										"url": {
											"raw": "{{baseUrl}}/api/Tarifa/tarifas",
											"host": [
												"{{baseUrl}}"
											],
											"path": [
												"api",
												"Tarifa",
												"tarifas"
											]
										}
									},
									"response": [
										{
											"name": "OK",
											"originalRequest": {
												"method": "GET",
												"header": [
													{
														"key": "Accept",
														"value": "text/plain"
													},
													{
														"key": "Authorization",
														"value": "Bearer <token>",
														"description": "Added as a part of security scheme: bearer"
													}
												],
												"url": {
													"raw": "{{baseUrl}}/api/Tarifa/tarifas",
													"host": [
														"{{baseUrl}}"
													],
													"path": [
														"api",
														"Tarifa",
														"tarifas"
													]
												}
											},
											"status": "OK",
											"code": 200,
											"_postman_previewlanguage": "json",
											"header": [
												{
													"key": "Content-Type",
													"value": "application/json"
												}
											],
											"cookie": [],
											"body": "[\n  {\n    \"tarifaID\": \"<integer>\",\n    \"tipoVehiculo\": \"<string>\",\n    \"precioPorMinuto\": \"<double>\"\n  },\n  {\n    \"tarifaID\": \"<integer>\",\n    \"tipoVehiculo\": \"<string>\",\n    \"precioPorMinuto\": \"<double>\"\n  }\n]"
										}
									]
								}
							]
						},
						{
							"name": "tarifa",
							"item": [
								{
									"name": "{id}",
									"item": [
										{
											"name": "/api/Tarifa/tarifa/:id",
											"request": {
												"method": "GET",
												"header": [
													{
														"key": "Accept",
														"value": "text/plain"
													}
												],
												"url": {
													"raw": "{{baseUrl}}/api/Tarifa/tarifa/:id",
													"host": [
														"{{baseUrl}}"
													],
													"path": [
														"api",
														"Tarifa",
														"tarifa",
														":id"
													],
													"variable": [
														{
															"key": "id",
															"value": "<integer>",
															"description": "(Required) "
														}
													]
												}
											},
											"response": [
												{
													"name": "OK",
													"originalRequest": {
														"method": "GET",
														"header": [
															{
																"key": "Accept",
																"value": "text/plain"
															},
															{
																"key": "Authorization",
																"value": "Bearer <token>",
																"description": "Added as a part of security scheme: bearer"
															}
														],
														"url": {
															"raw": "{{baseUrl}}/api/Tarifa/tarifa/:id",
															"host": [
																"{{baseUrl}}"
															],
															"path": [
																"api",
																"Tarifa",
																"tarifa",
																":id"
															],
															"variable": [
																{
																	"key": "id"
																}
															]
														}
													},
													"status": "OK",
													"code": 200,
													"_postman_previewlanguage": "json",
													"header": [
														{
															"key": "Content-Type",
															"value": "application/json"
														}
													],
													"cookie": [],
													"body": "{\n  \"tarifaID\": \"<integer>\",\n  \"tipoVehiculo\": \"<string>\",\n  \"precioPorMinuto\": \"<double>\"\n}"
												}
											]
										}
									]
								}
							]
						},
						{
							"name": "{id}",
							"item": [
								{
									"name": "/api/Tarifa/:id",
									"request": {
										"method": "PUT",
										"header": [
											{
												"key": "Content-Type",
												"value": "application/json"
											}
										],
										"body": {
											"mode": "raw",
											"raw": "{\n  \"tarifaID\": \"<integer>\",\n  \"tipoVehiculo\": \"<string>\",\n  \"precioPorMinuto\": \"<double>\"\n}",
											"options": {
												"raw": {
													"headerFamily": "json",
													"language": "json"
												}
											}
										},
										"url": {
											"raw": "{{baseUrl}}/api/Tarifa/:id",
											"host": [
												"{{baseUrl}}"
											],
											"path": [
												"api",
												"Tarifa",
												":id"
											],
											"variable": [
												{
													"key": "id",
													"value": "<integer>",
													"description": "(Required) "
												}
											]
										}
									},
									"response": [
										{
											"name": "OK",
											"originalRequest": {
												"method": "PUT",
												"header": [
													{
														"key": "Content-Type",
														"value": "application/json"
													},
													{
														"key": "Authorization",
														"value": "Bearer <token>",
														"description": "Added as a part of security scheme: bearer"
													}
												],
												"body": {
													"mode": "raw",
													"raw": "{\n  \"tarifaID\": \"<integer>\",\n  \"tipoVehiculo\": \"<string>\",\n  \"precioPorMinuto\": \"<double>\"\n}",
													"options": {
														"raw": {
															"headerFamily": "json",
															"language": "json"
														}
													}
												},
												"url": {
													"raw": "{{baseUrl}}/api/Tarifa/:id",
													"host": [
														"{{baseUrl}}"
													],
													"path": [
														"api",
														"Tarifa",
														":id"
													],
													"variable": [
														{
															"key": "id"
														}
													]
												}
											},
											"status": "OK",
											"code": 200,
											"_postman_previewlanguage": "text",
											"header": [],
											"cookie": [],
											"body": ""
										}
									]
								},
								{
									"name": "/api/Tarifa/:id",
									"request": {
										"method": "DELETE",
										"header": [],
										"url": {
											"raw": "{{baseUrl}}/api/Tarifa/:id",
											"host": [
												"{{baseUrl}}"
											],
											"path": [
												"api",
												"Tarifa",
												":id"
											],
											"variable": [
												{
													"key": "id",
													"value": "<integer>",
													"description": "(Required) "
												}
											]
										}
									},
									"response": [
										{
											"name": "OK",
											"originalRequest": {
												"method": "DELETE",
												"header": [
													{
														"key": "Authorization",
														"value": "Bearer <token>",
														"description": "Added as a part of security scheme: bearer"
													}
												],
												"url": {
													"raw": "{{baseUrl}}/api/Tarifa/:id",
													"host": [
														"{{baseUrl}}"
													],
													"path": [
														"api",
														"Tarifa",
														":id"
													],
													"variable": [
														{
															"key": "id"
														}
													]
												}
											},
											"status": "OK",
											"code": 200,
											"_postman_previewlanguage": "text",
											"header": [],
											"cookie": [],
											"body": ""
										}
									]
								}
							]
						},
						{
							"name": "/api/Tarifa",
							"request": {
								"method": "POST",
								"header": [
									{
										"key": "Content-Type",
										"value": "application/json"
									}
								],
								"body": {
									"mode": "raw",
									"raw": "{\n  \"tarifaID\": \"<integer>\",\n  \"tipoVehiculo\": \"<string>\",\n  \"precioPorMinuto\": \"<double>\"\n}",
									"options": {
										"raw": {
											"headerFamily": "json",
											"language": "json"
										}
									}
								},
								"url": {
									"raw": "{{baseUrl}}/api/Tarifa",
									"host": [
										"{{baseUrl}}"
									],
									"path": [
										"api",
										"Tarifa"
									]
								}
							},
							"response": [
								{
									"name": "OK",
									"originalRequest": {
										"method": "POST",
										"header": [
											{
												"key": "Content-Type",
												"value": "application/json"
											},
											{
												"key": "Authorization",
												"value": "Bearer <token>",
												"description": "Added as a part of security scheme: bearer"
											}
										],
										"body": {
											"mode": "raw",
											"raw": "{\n  \"tarifaID\": \"<integer>\",\n  \"tipoVehiculo\": \"<string>\",\n  \"precioPorMinuto\": \"<double>\"\n}",
											"options": {
												"raw": {
													"headerFamily": "json",
													"language": "json"
												}
											}
										},
										"url": {
											"raw": "{{baseUrl}}/api/Tarifa",
											"host": [
												"{{baseUrl}}"
											],
											"path": [
												"api",
												"Tarifa"
											]
										}
									},
									"status": "OK",
									"code": 200,
									"_postman_previewlanguage": "text",
									"header": [],
									"cookie": [],
									"body": ""
								}
							]
						}
					]
				},
				{
					"name": "Vehiculo",
					"item": [
						{
							"name": "{id}",
							"item": [
								{
									"name": "/api/Vehiculo/:id",
									"request": {
										"method": "GET",
										"header": [
											{
												"key": "Accept",
												"value": "text/plain"
											}
										],
										"url": {
											"raw": "{{baseUrl}}/api/Vehiculo/:id",
											"host": [
												"{{baseUrl}}"
											],
											"path": [
												"api",
												"Vehiculo",
												":id"
											],
											"variable": [
												{
													"key": "id",
													"value": "<integer>",
													"description": "(Required) "
												}
											]
										}
									},
									"response": [
										{
											"name": "OK",
											"originalRequest": {
												"method": "GET",
												"header": [
													{
														"key": "Accept",
														"value": "text/plain"
													},
													{
														"key": "Authorization",
														"value": "Bearer <token>",
														"description": "Added as a part of security scheme: bearer"
													}
												],
												"url": {
													"raw": "{{baseUrl}}/api/Vehiculo/:id",
													"host": [
														"{{baseUrl}}"
													],
													"path": [
														"api",
														"Vehiculo",
														":id"
													],
													"variable": [
														{
															"key": "id"
														}
													]
												}
											},
											"status": "OK",
											"code": 200,
											"_postman_previewlanguage": "json",
											"header": [
												{
													"key": "Content-Type",
													"value": "application/json"
												}
											],
											"cookie": [],
											"body": "{\n  \"vehiculoID\": \"<integer>\",\n  \"tipoVehiculo\": \"<string>\",\n  \"placa\": \"<string>\",\n  \"documentoIdentidad\": \"<string>\"\n}"
										}
									]
								},
								{
									"name": "/api/Vehiculo/:id",
									"request": {
										"method": "PUT",
										"header": [
											{
												"key": "Content-Type",
												"value": "application/json"
											}
										],
										"body": {
											"mode": "raw",
											"raw": "{\n  \"vehiculoID\": \"<integer>\",\n  \"tipoVehiculo\": \"<string>\",\n  \"placa\": \"<string>\",\n  \"documentoIdentidad\": \"<string>\"\n}",
											"options": {
												"raw": {
													"headerFamily": "json",
													"language": "json"
												}
											}
										},
										"url": {
											"raw": "{{baseUrl}}/api/Vehiculo/:id",
											"host": [
												"{{baseUrl}}"
											],
											"path": [
												"api",
												"Vehiculo",
												":id"
											],
											"variable": [
												{
													"key": "id",
													"value": "<integer>",
													"description": "(Required) "
												}
											]
										}
									},
									"response": [
										{
											"name": "OK",
											"originalRequest": {
												"method": "PUT",
												"header": [
													{
														"key": "Content-Type",
														"value": "application/json"
													},
													{
														"key": "Authorization",
														"value": "Bearer <token>",
														"description": "Added as a part of security scheme: bearer"
													}
												],
												"body": {
													"mode": "raw",
													"raw": "{\n  \"vehiculoID\": \"<integer>\",\n  \"tipoVehiculo\": \"<string>\",\n  \"placa\": \"<string>\",\n  \"documentoIdentidad\": \"<string>\"\n}",
													"options": {
														"raw": {
															"headerFamily": "json",
															"language": "json"
														}
													}
												},
												"url": {
													"raw": "{{baseUrl}}/api/Vehiculo/:id",
													"host": [
														"{{baseUrl}}"
													],
													"path": [
														"api",
														"Vehiculo",
														":id"
													],
													"variable": [
														{
															"key": "id"
														}
													]
												}
											},
											"status": "OK",
											"code": 200,
											"_postman_previewlanguage": "text",
											"header": [],
											"cookie": [],
											"body": ""
										}
									]
								},
								{
									"name": "/api/Vehiculo/:id",
									"request": {
										"method": "DELETE",
										"header": [],
										"url": {
											"raw": "{{baseUrl}}/api/Vehiculo/:id",
											"host": [
												"{{baseUrl}}"
											],
											"path": [
												"api",
												"Vehiculo",
												":id"
											],
											"variable": [
												{
													"key": "id",
													"value": "<integer>",
													"description": "(Required) "
												}
											]
										}
									},
									"response": [
										{
											"name": "OK",
											"originalRequest": {
												"method": "DELETE",
												"header": [
													{
														"key": "Authorization",
														"value": "Bearer <token>",
														"description": "Added as a part of security scheme: bearer"
													}
												],
												"url": {
													"raw": "{{baseUrl}}/api/Vehiculo/:id",
													"host": [
														"{{baseUrl}}"
													],
													"path": [
														"api",
														"Vehiculo",
														":id"
													],
													"variable": [
														{
															"key": "id"
														}
													]
												}
											},
											"status": "OK",
											"code": 200,
											"_postman_previewlanguage": "text",
											"header": [],
											"cookie": [],
											"body": ""
										}
									]
								}
							]
						},
						{
							"name": "/api/Vehiculo",
							"request": {
								"method": "GET",
								"header": [
									{
										"key": "Accept",
										"value": "text/plain"
									}
								],
								"url": {
									"raw": "{{baseUrl}}/api/Vehiculo",
									"host": [
										"{{baseUrl}}"
									],
									"path": [
										"api",
										"Vehiculo"
									]
								}
							},
							"response": [
								{
									"name": "OK",
									"originalRequest": {
										"method": "GET",
										"header": [
											{
												"key": "Accept",
												"value": "text/plain"
											},
											{
												"key": "Authorization",
												"value": "Bearer <token>",
												"description": "Added as a part of security scheme: bearer"
											}
										],
										"url": {
											"raw": "{{baseUrl}}/api/Vehiculo",
											"host": [
												"{{baseUrl}}"
											],
											"path": [
												"api",
												"Vehiculo"
											]
										}
									},
									"status": "OK",
									"code": 200,
									"_postman_previewlanguage": "json",
									"header": [
										{
											"key": "Content-Type",
											"value": "application/json"
										}
									],
									"cookie": [],
									"body": "[\n  {\n    \"vehiculoID\": \"<integer>\",\n    \"tipoVehiculo\": \"<string>\",\n    \"placa\": \"<string>\",\n    \"documentoIdentidad\": \"<string>\"\n  },\n  {\n    \"vehiculoID\": \"<integer>\",\n    \"tipoVehiculo\": \"<string>\",\n    \"placa\": \"<string>\",\n    \"documentoIdentidad\": \"<string>\"\n  }\n]"
								}
							]
						},
						{
							"name": "/api/Vehiculo",
							"request": {
								"method": "POST",
								"header": [
									{
										"key": "Content-Type",
										"value": "application/json"
									}
								],
								"body": {
									"mode": "raw",
									"raw": "{\n  \"vehiculoID\": \"<integer>\",\n  \"tipoVehiculo\": \"<string>\",\n  \"placa\": \"<string>\",\n  \"documentoIdentidad\": \"<string>\"\n}",
									"options": {
										"raw": {
											"headerFamily": "json",
											"language": "json"
										}
									}
								},
								"url": {
									"raw": "{{baseUrl}}/api/Vehiculo",
									"host": [
										"{{baseUrl}}"
									],
									"path": [
										"api",
										"Vehiculo"
									]
								}
							},
							"response": [
								{
									"name": "OK",
									"originalRequest": {
										"method": "POST",
										"header": [
											{
												"key": "Content-Type",
												"value": "application/json"
											},
											{
												"key": "Authorization",
												"value": "Bearer <token>",
												"description": "Added as a part of security scheme: bearer"
											}
										],
										"body": {
											"mode": "raw",
											"raw": "{\n  \"vehiculoID\": \"<integer>\",\n  \"tipoVehiculo\": \"<string>\",\n  \"placa\": \"<string>\",\n  \"documentoIdentidad\": \"<string>\"\n}",
											"options": {
												"raw": {
													"headerFamily": "json",
													"language": "json"
												}
											}
										},
										"url": {
											"raw": "{{baseUrl}}/api/Vehiculo",
											"host": [
												"{{baseUrl}}"
											],
											"path": [
												"api",
												"Vehiculo"
											]
										}
									},
									"status": "OK",
									"code": 200,
									"_postman_previewlanguage": "text",
									"header": [],
									"cookie": [],
									"body": ""
								}
							]
						}
					]
				}
			]
		}
	],
	"auth": {
		"type": "bearer",
		"bearer": [
			{
				"key": "token",
				"value": "{{bearerToken}}",
				"type": "string"
			}
		]
	},
	"variable": [
		{
			"key": "baseUrl",
			"value": "/"
		}
	]
}